LEMMA,Võtmesus,P-väärtus,Fookus suhteline sagedus,Referents suhteline sagedus
valeuudine,4341076.796324646,0.0,0.004594180704441042,0.0
allikapesu,2894051.1944869785,0.0,0.0030627871362940277,0.0
erukinder,1447025.595712097,0.0,0.0015313935681470138,0.0
välissõjaväeluure,1447025.595712097,0.0,0.0015313935681470138,0.0
desinformatsioonivõte,1447025.595712097,0.0,0.0015313935681470138,0.0
smarted,1447025.595712097,0.0,0.0015313935681470138,0.0
libauut,1447025.595712097,0.0,0.0015313935681470138,0.0
lugemino,1447025.595712097,0.0,0.0015313935681470138,0.0
tekstidautoristsandrane,1447025.595712097,0.0,0.0015313935681470138,0.0
sõde,1447025.595712097,0.0,0.0015313935681470138,0.0
valeuut,1447025.595712097,0.0,0.0015313935681470138,0.0
teabe,217048.15294669877,0.0,0.004594180704441042,6.032335138743862e-08
misinformation,90437.22617737303,0.0,0.0015313935681470138,1.587456615458911e-08
reklaamlugu,49895.504797626585,0.0,0.0015313935681470138,2.963252348856634e-08
sensatsioonilisus,40193.212504298164,0.0,0.0015313935681470138,3.7040654360707925e-08
sõtluma,37101.27320255864,0.0,0.0015313935681470138,4.0215567591625745e-08
silverman,36629.61621061175,0.0,0.0030627871362940277,1.6509548800772675e-07
vabaühing,34451.039515648605,0.0,0.0015313935681470138,4.3390480822543565e-08
roonemaa,32728.21989377422,0.0,0.007656967840735069,1.1641348513365348e-06
disinformation,25837.780036119042,0.0,0.0015313935681470138,5.8206742566826736e-08
kvaliteetmeedia,23719.765411078177,0.0,0.0015313935681470138,6.349826461835644e-08
valeuudis,22197.338253658425,0.0,0.007656967840735069,1.7186863623368477e-06
klaassen,16754.951694787193,0.0,0.004594180704441042,8.19127613576798e-07
luureanalüütik,15899.403726569139,0.0,0.0015313935681470138,9.524739692753465e-08
tennus,14046.813194969272,0.0,0.0015313935681470138,1.0794704985120595e-07
kodanikuorganisatsioon,12260.947324711167,0.0,0.0015313935681470138,1.2382161600579505e-07
rooda,8314.252191163547,0.0,0.0015313935681470138,1.8308666298292773e-07
uudismeedia,6545.6378550386835,0.0,0.0015313935681470138,2.3282697026730694e-07
meediatarbija,4423.162593776973,0.0,0.0015313935681470138,3.4500723775973665e-07
meediasisu,4097.230085343272,0.0,0.0015313935681470138,3.7252315242769113e-07
refereerimine,4051.30035911167,0.0,0.0015313935681470138,3.7675637006891487e-07
valeinfo,3370.539195604378,0.0,0.004594180704441042,4.078705197319096e-06
meediapädevus,2021.8168396545916,0.0,0.0015313935681470138,7.556293489584416e-07
kodanikuaktiivsus,1479.0949300250372,0.0,0.0015313935681470138,1.032905104458598e-06
tööpraktika,1465.5758342559939,0.0,0.0015313935681470138,1.0424298441513515e-06
keeleruum,1437.8306743375847,0.0,0.0015313935681470138,1.0625376279471643e-06
ähvardavalt,1411.1151204487935,8.07414500410572e-309,0.0015313935681470138,1.0826454117429772e-06
halvustama,1232.7850587921864,4.5737308234128836e-270,0.0030627871362940277,4.950748031411191e-06
lisakaitse,1092.577020378282,1.3559133544198149e-239,0.0015313935681470138,1.3980201260141475e-06
gru,1014.8876784833936,1.0429054534155316e-222,0.0015313935681470138,1.5049088714550476e-06
väärarusaam,997.3309766451928,6.829928272014138e-219,0.0015313935681470138,1.5313664817126962e-06
tõsiseltvõetavus,982.3750558305787,1.2171034070537874e-215,0.0015313935681470138,1.5546491787394267e-06
desinformatsioon,946.8731342363798,6.345240340031292e-208,0.0015313935681470138,1.6128559213062536e-06
kommunikatsioonispetsialist,916.7502939681422,2.2415328513732136e-201,0.0015313935681470138,1.6657711418215506e-06
termin,904.6690965482807,9.480214302584588e-199,0.006125574272588055,2.6843891367410184e-05
ebausaldusväärne,896.7775424546737,4.924313199302748e-197,0.0015313935681470138,1.7028117961822585e-06
rõhumine,783.5769544396998,2.0080430323514853e-172,0.0015313935681470138,1.9483384193732368e-06
ühiskonnateadus,722.9666297149154,3.0309121204291637e-159,0.0015313935681470138,2.1113172985603516e-06
umbusk,711.5273819464353,9.311682552702436e-157,0.0015313935681470138,2.1451830396901415e-06
holger,656.0419691730701,1.0842045045432942e-144,0.0015313935681470138,2.3261530938524576e-06
arenenum,655.4440251405979,1.4626840046836367e-144,0.0015313935681470138,2.3282697026730695e-06
rahvuskonservatiiv,620.6483954320358,5.404227550690758e-137,0.0015313935681470138,2.4584411451407e-06
bakalaureusetöö,606.7653023690593,5.653345783488969e-134,0.0015313935681470138,2.514531278886915e-06
bakalaureuseõpe,571.9927925367471,2.0693410082608566e-126,0.0015313935681470138,2.66692711397097e-06
ingl,567.7912420591719,1.697393449944758e-125,0.0030627871362940277,1.0711098936706426e-05
fake,562.5868284658745,2.300907316858397e-124,0.0015313935681470138,2.7113758992038198e-06
magistrant,548.2039481291384,3.0953198605956742e-121,0.0015313935681470138,2.782282294694318e-06
naeruvääristama,511.68028805815817,2.732959923177344e-113,0.0015313935681470138,2.980185219421529e-06
levima,443.97314843194266,1.4782392132356124e-98,0.006125574272588055,5.4214818331152725e-05
avaldamine,427.8678512214121,4.7309972120784044e-95,0.004594180704441042,3.1766065179743114e-05
paljusus,407.8107013838696,1.0982055290537333e-90,0.0015313935681470138,3.7358145683799703e-06
päevakajaline,398.3990376745658,1.2286996947055876e-88,0.0015313935681470138,3.8236538344353634e-06
peavoolumeedia,373.46541883731913,3.293626733350628e-83,0.0015313935681470138,4.077646892908789e-06
craig,366.48592493744286,1.0897500986950479e-81,0.0015313935681470138,4.154903114861123e-06
tekkepõhjus,363.1386520319414,5.836595933995786e-81,0.0015313935681470138,4.193002073632137e-06
südameasi,341.7981086753997,2.589867333057503e-76,0.0015313935681470138,4.453344958567399e-06
sputnik,327.32353641073587,3.679016989319231e-73,0.0015313935681470138,4.649131274473997e-06
meediaväljaanne,323.39870090144353,2.63392022329878e-72,0.0015313935681470138,4.7052214082202125e-06
rahastatav,320.9297665844993,9.086128048152506e-72,0.0015313935681470138,4.741203758170614e-06
vastandumine,313.2612488106415,4.25397933815269e-70,0.0015313935681470138,4.856558938893961e-06
provokatsioon,308.7257164264386,4.1382869947363384e-69,0.0015313935681470138,4.9274653343844594e-06
intervjueerima,294.5877146115742,4.976928036925001e-66,0.0015313935681470138,5.162408913472379e-06
veenma,290.59493455830636,3.6891465754039336e-65,0.0030627871362940277,2.0792506749280816e-05
uudis,284.1339323673939,9.435475079342721e-64,0.009188361408882083,0.000186270042649128
ajakirjandus,271.7211757350402,4.7839963084952924e-61,0.004594180704441042,4.963236023452801e-05
elukutseline,253.57370964701593,4.3187731477925803e-57,0.0015313935681470138,5.99106126674193e-06
ajakirjanik,247.41792770031856,9.492185178845522e-56,0.006125574272588055,9.595857749126025e-05
kommunikatsioon,245.92965080956378,2.003738972553479e-55,0.0030627871362940277,2.450927183827528e-05
maia,234.5254564567682,6.144079122321834e-53,0.0015313935681470138,6.473648077841439e-06
soodustav,234.17803693487045,7.315048575968193e-53,0.0015313935681470138,6.483172817534192e-06
villem,229.67851885909315,7.005715053379005e-52,0.0015313935681470138,6.6091110423606e-06
ründamine,229.49321380481726,7.688909005807059e-52,0.0015313935681470138,6.614402564412129e-06
päevaleht,229.22665090678242,8.7901914537464e-52,0.0030627871362940277,2.6264998854972836e-05
kriitiliselt,212.41240210385524,4.088481218115877e-48,0.0015313935681470138,7.141438160744487e-06
inglis,209.8697194029405,1.4665246935232979e-47,0.0015313935681470138,7.227160817979269e-06
maailmapilt,184.45547829237776,5.1602734263938326e-42,0.0015313935681470138,8.2124422239741e-06
vastaspool,175.77465588992024,4.0554945726584235e-40,0.0015313935681470138,8.61353959548005e-06
eksitav,174.32345023088956,8.412970124711092e-40,0.0015313935681470138,8.68444599097055e-06
lääne-euroopa,169.0103846274388,1.2170599339096056e-38,0.0015313935681470138,8.954313615598564e-06
lõputöö,146.22372233832573,1.1599315277945946e-33,0.0015313935681470138,1.0331167653406592e-05
usaldusväärne,131.30334267553965,2.125185013293208e-30,0.0030627871362940277,4.5282729108170585e-05
näiteks,128.62892249184983,8.176021397853446e-30,0.007656967840735069,0.00027659420745991943
süüria,128.260300012751,9.844671240422124e-30,0.0030627871362940277,4.632515895232194e-05
tõlkimine,125.2765222359364,4.4274531282177404e-29,0.0015313935681470138,1.203186284076824e-05
news,117.087222462082,2.7471659596964818e-27,0.0015313935681470138,1.2859456889627485e-05
vormistamine,111.64526438263918,4.2731911140304395e-26,0.0015313935681470138,1.3475390056425543e-05
propaganda,104.94460971324291,1.2559821292481615e-24,0.0015313935681470138,1.4319916975849683e-05
selgitus,104.13490339718858,1.889992684024025e-24,0.0030627871362940277,5.66679679542419e-05
eurooplane,99.59991389293644,1.8651255542921288e-23,0.0015313935681470138,1.5073429715987512e-05
ühendriik,96.43093034041105,9.24121179940865e-23,0.0030627871362940277,6.101865738500962e-05
vilistlane,94.83535252316405,2.0689748003366322e-22,0.0015313935681470138,1.5815301107611975e-05
usaldusväärsus,93.87331417544831,3.363787931904304e-22,0.0015313935681470138,1.597404676915787e-05
levitamine,89.68926698099801,2.7866269286173903e-21,0.0015313935681470138,1.670321850785866e-05
peatoimetaja,88.21502568389478,5.8712219525256874e-21,0.0015313935681470138,1.6976261045717592e-05
välismaine,83.8188647777994,5.422489848754176e-20,0.0015313935681470138,1.7846187270989075e-05
presidendivalimine,82.75868768925189,9.270745477618502e-20,0.0015313935681470138,1.806948950156363e-05
ekspert,81.735031366422,1.556106923180657e-19,0.0030627871362940277,7.148952122057659e-05
sotsiaaldemokraat,79.36231219420152,5.170303183227962e-19,0.0015313935681470138,1.8824060546111766e-05
eriala,73.9569532868862,7.983923057948382e-18,0.0030627871362940277,7.86320176857314e-05
agentuur,73.34547373206135,1.0883143568453121e-17,0.0015313935681470138,2.032791111315651e-05
seletus,70.8986376067567,3.760575545071635e-17,0.0015313935681470138,2.101051745780384e-05
võrdlemisi,70.74115668206119,4.0730615200391894e-17,0.0015313935681470138,2.1056024547446994e-05
asjatundja,67.43434184307483,2.178215752507735e-16,0.0015313935681470138,2.2059297128417028e-05
venemaa,66.7424528361101,3.09399704029892e-16,0.006125574272588055,0.0003288606873716989
ülikool,66.14577174885952,4.187770479664398e-16,0.006125574272588055,0.00033152338126802867
traktor,65.98686759127408,4.539374630795828e-16,0.0015313935681470138,2.2529184286592863e-05
pressiteade,63.93145458880681,1.2882430891850825e-15,0.0015313935681470138,2.323189841503601e-05
kippuma,62.62416924269164,2.501645617542965e-15,0.0030627871362940277,9.20312098246149e-05
väärikas,62.15268293679322,3.1783371168704638e-15,0.0015313935681470138,2.3876405800912326e-05
sõnastama,56.800128996895864,4.824347388758968e-14,0.0015313935681470138,2.6051221364091034e-05
kuulsus,56.2280620752035,6.453387550874996e-14,0.0015313935681470138,2.6307331031385074e-05
põhjamaa,53.97772029498971,2.0277593179460859e-13,0.0015313935681470138,2.7365635441691012e-05
tegelev,53.54838363972432,2.5230191555158504e-13,0.0015313935681470138,2.75772963237522e-05
tarvitama,52.672020961207785,3.9416652095281805e-13,0.0015313935681470138,2.8019667567260084e-05
allikas,52.025825382587485,5.477545802437496e-13,0.0030627871362940277,0.00010948370785497018
teadlikult,50.66071066369198,1.0979563062487118e-12,0.0015313935681470138,2.9090671630489696e-05
venekeelne,49.75763704793714,1.7395973780320488e-12,0.0015313935681470138,2.9598657747436547e-05
sisaldav,49.562372424715996,1.9216415884160876e-12,0.0015313935681470138,2.9710838014928977e-05
meedia,49.44546631328971,2.039633539169057e-12,0.0030627871362940277,0.00011478475464619263
teadlikkus,47.21866689236198,6.349287850584392e-12,0.0015313935681470138,3.112684931591833e-05
eesti,46.55123344085303,8.925405413013875e-12,0.018376722817764167,0.003229060317766715
sõda,46.50932485161921,9.118349662299556e-12,0.0030627871362940277,0.0001214785300413777
tunnustatud,45.431889845215395,1.5804010380239542e-11,0.0015313935681470138,3.2300508906947615e-05
ameerika,40.98673341628444,1.532660715365333e-10,0.0030627871362940277,0.00013644930422956555
üpris,36.44176554480753,1.5729625838554541e-09,0.0015313935681470138,3.9864210527404174e-05
kahtlema,36.18062855300515,1.7984945293253012e-09,0.0015313935681470138,4.013725306526311e-05
vaidlema,35.868556588839944,2.1108796611824603e-09,0.0015313935681470138,4.046850234568886e-05
sõnama,35.15349365802486,3.0471425015229064e-09,0.0030627871362940277,0.00015688092917493204
jm,34.480693051942296,4.305003849543487e-09,0.0015313935681470138,4.2010451871504616e-05
noor,33.921345918548646,5.73856327258333e-09,0.006125574272588055,0.0005901867371041345
mihkel,31.550560086046744,1.9431432249926788e-08,0.0015313935681470138,4.568594308849715e-05
oskus,31.238389977676494,2.2820820465972205e-08,0.0030627871362940277,0.0001744212664713427
kanada,31.054555564569196,2.5087681926348203e-08,0.0015313935681470138,4.637278265078571e-05
seisukoht,30.68571084446975,3.0339107418186495e-08,0.0030627871362940277,0.0001772194233321916
soovitama,30.590428826673943,3.18661876673071e-08,0.004594180704441042,0.00037935662400503657
väljaanne,29.479418447783175,5.6513663603308416e-08,0.0015313935681470138,4.869787744022786e-05
töötlemine,29.42013696199749,5.826902762567705e-08,0.0015313935681470138,4.8789949923924476e-05
tartu,29.23457883211837,6.412455008101453e-08,0.006125574272588055,0.0006661804018949732
tamm,28.92217988221118,7.534520008637603e-08,0.0015313935681470138,4.9577328405192095e-05
operatsioon,28.371038521290057,1.0015244022586303e-07,0.0015313935681470138,5.0479003762772756e-05
nähtus,27.953135167819518,1.2428941779417135e-07,0.0015313935681470138,5.118489280444682e-05
portaal,26.67730745323429,2.4042866271009933e-07,0.0015313935681470138,5.3467655417476736e-05
selguma,25.48803326222447,4.4513532076585865e-07,0.0030627871362940277,0.00020873149545346128
kauem,23.946872751519052,9.903102239035044e-07,0.0015313935681470138,5.9110534533228005e-05
mõju,23.745110029241506,1.099744312246627e-06,0.0030627871362940277,0.00022198040836608136
professionaalne,23.661980475669907,1.1482880793003083e-06,0.0015313935681470138,5.9768799876438306e-05
suurbritannia,23.012595729162587,1.6094346884089946e-06,0.0015313935681470138,6.132556566399835e-05
tööriist,22.703697115844637,1.8900387164367951e-06,0.0015313935681470138,6.209495297029077e-05
võimatu,22.696146243279067,1.897480378546509e-06,0.0015313935681470138,6.211400244967627e-05
relv,22.527469646367102,2.0715994682826036e-06,0.0015313935681470138,6.254261573585018e-05
kurss,21.582741115793887,3.3888766407211374e-06,0.0015313935681470138,6.505714701473709e-05
asjakohane,20.09400814701752,7.372729567112041e-06,0.0015313935681470138,6.945863505719949e-05
otseselt,19.92997532665224,8.033090939300833e-06,0.0015313935681470138,6.998037913148032e-05
üheksa,19.656384254353362,9.269309304808681e-06,0.0015313935681470138,7.0868296531727e-05
nõukogu,19.405762610099885,1.0568767508418072e-05,0.0030627871362940277,0.0002637082929600343
tähtsus,19.380474393647926,1.070964625489006e-05,0.0015313935681470138,7.178690475987257e-05
levik,18.835344029323842,1.4250183837924066e-05,0.0015313935681470138,7.367386152344805e-05
nõustuma,18.695689236739927,1.5332873195939032e-05,0.0015313935681470138,7.417338120511246e-05
andres,18.632114228990982,1.5852750553203945e-05,0.0015313935681470138,7.440303326214885e-05
instituut,18.444301273726623,1.7494319937818906e-05,0.0015313935681470138,7.508987282443741e-05
tipp,18.28188581704794,1.9051012274520465e-05,0.0015313935681470138,7.56941646427221e-05
tuvastama,18.244146700130237,1.9432217777347743e-05,0.0015313935681470138,7.583597743370309e-05
sotsiaalmeedia,17.84572540900534,2.3955679276069387e-05,0.0015313935681470138,7.736628561100549e-05
edastama,17.287824244740914,3.212386510656714e-05,0.0015313935681470138,7.961624078731591e-05
ajaleht,17.164700104911375,3.4274663379536955e-05,0.0015313935681470138,8.01305767307246e-05
ajakiri,17.037188567315876,3.665484189397024e-05,0.0015313935681470138,8.067031197998063e-05
seletama,16.290383092144072,5.4339032358476754e-05,0.0015313935681470138,8.398386308864854e-05
poliitik,16.271846425978715,5.487323033561983e-05,0.0015313935681470138,8.406958574588331e-05
äärmiselt,15.355083908274036,8.908090336595991e-05,0.0015313935681470138,8.85398635750156e-05
emotsioon,14.725657799618636,0.0001243425873851546,0.0015313935681470138,9.189574686009574e-05
ajal,14.447223363471707,0.00014414220045943824,0.0030627871362940277,0.000336146054932245
kiirelt,14.220852609043504,0.00016255911314955272,0.0015313935681470138,9.477750976935882e-05
eelistama,13.758652955858986,0.00020786110702036845,0.0015313935681470138,9.757989984784895e-05
kommenteerima,13.236375568534658,0.00027456830507247167,0.0015313935681470138,0.00010095377430790429
ametlik,13.120274550785176,0.0002921172230101904,0.0015313935681470138,0.00010173586126712038
tasand,12.814423234601122,0.0003439574257429339,0.0015313935681470138,0.00010385564500096318
olulisem,12.431237163437014,0.0004222121211701857,0.0015313935681470138,0.00010664004390447811
ühendama,12.356326350666324,0.00043949464314645863,0.0015313935681470138,0.00010720200354635056
üha,11.273629761564997,0.0007861586097968336,0.0015313935681470138,0.0001160441368944567
viitama,11.109396104748614,0.0008589145428344783,0.0015313935681470138,0.00011751518002478195
keelama,11.04369996764197,0.0008898908302068448,0.0015313935681470138,0.00011811418032101512
leiduma,10.218708336500194,0.0013902318023738382,0.0015313935681470138,0.0001261953927981113
sõna,9.62261896106794,0.001921954614249681,0.004594180704441042,0.0009179552543243977
aktiivne,9.389026115523933,0.0021828813367888076,0.0015313935681470138,0.00013552963769700968
õpetama,9.339089658368083,0.0022431692831265727,0.0015313935681470138,0.00013613604612411497
kasutama,8.92645529404526,0.0028106931039307624,0.006125574272588055,0.0015403588942870658
liit,8.639817162006366,0.0032889443613654708,0.0030627871362940277,0.0004975840428979544
vabariik,8.422585928392248,0.0037058834902540818,0.0015313935681470138,0.0001483255963220188
organisatsioon,8.286443569642348,0.003994213878083134,0.0015313935681470138,0.00015032684996190733
loodud,8.270063163633482,0.004030410417570314,0.0015313935681470138,0.000150571318280688
